seaTurtleId,seaTurtleName,sidNumber,strandingIdNumber,species,dateAcquired,acquiredFrom,turtleSize,status,dateRelinquished,relinquishedTo,anomalies,injuryBoatStrike,injuryIntestinalImpaction,injuryLineEntanglement,injuryFishHook,injuryUpperRespiratory,injuryAnimalBite,injuryFibropapilloma,injuryMiscEpidemic,injuryDoa,injuryOther,wasCarryingTagsWhenEnc,recaptureType,tagReturnAddress,captureProjectType,acquiredCounty,acquiredLatitude,acquiredLongitude,relinquishedCounty,relinquishedLatitude,relinquishedLongitude,organizationId
defbaff8-7f44-4292-92bb-1b2fc100a4c1,Cm0445 Bubbles,4217,MLB041009-01,CM,2004-10-09,stranding - volusia,Juvenile,PD,2007-09-05,euth,"shark bite left rear carapace and boat hit center spine, rear flipper partial paralysis",TRUE,FALSE,FALSE,FALSE,FALSE,TRUE,FALSE,FALSE,FALSE,FALSE,FALSE,,,,,,,,,,b225dd24-1d37-4252-b989-e342a690968b
218737f1-9837-4bd0-b701-c13aad02f180,Cc0722,7057,MLB070327-03,CC,2007-03-27,stranding - Mosquito Lagoon,Subadult,UR,2007-03-30,transferred to SWF,,FALSE,FALSE,FALSE,FALSE,TRUE,FALSE,FALSE,FALSE,FALSE,FALSE,FALSE,,,,,,,,,,b225dd24-1d37-4252-b989-e342a690968b
9e3ca021-bb0f-4f55-a068-a943e308f29e,Cm0701,7000,MLB070102-01,CM,2007-01-02,stranding - Ponce Inlet,Juvenile,UR,2007-03-29,released,missing right front flipper,FALSE,FALSE,FALSE,FALSE,TRUE,FALSE,FALSE,FALSE,FALSE,FALSE,FALSE,,,,,,,,,,b225dd24-1d37-4252-b989-e342a690968b
c7a5de4f-c46c-4d7c-80df-a5d972a6dfc0,Cc0609 Thelma,6059,MLB060322-01,CC,2006-03-22,stranding - volusia,Subadult,UR,2007-04-23,released,"boat hit to carapace, five wounds; right front flipper entanglement with crab trap line",TRUE,FALSE,TRUE,FALSE,FALSE,FALSE,FALSE,FALSE,FALSE,FALSE,FALSE,,,,,,,,,,b225dd24-1d37-4252-b989-e342a690968b
b339eb6d-e223-48ab-8678-26f1f4918bba,Cc0644 Wolfgang,6213,AMF060828-01,CC,2006-08-28,stranding - nassau county,Subadult,UR,2007-04-21,released,lethargic loggerhead,FALSE,FALSE,FALSE,FALSE,TRUE,FALSE,FALSE,TRUE,FALSE,FALSE,FALSE,,,,,,,,,,b225dd24-1d37-4252-b989-e342a690968b
6f9635ec-6a48-4877-8e39-7b3dd244dcbc,Cc0649 Florence,6220,TMD060911-01,CC,2006-09-11,stranding - st johns county,Subadult,UR,2007-10-11,released,lethargic loggerhead,FALSE,FALSE,FALSE,FALSE,TRUE,FALSE,FALSE,TRUE,FALSE,FALSE,FALSE,,,,,,,,,,b225dd24-1d37-4252-b989-e342a690968b
fae33702-6a91-41a8-8eb1-6989c60e11e1,Cc0666 Rasputin,6311,MLB061126-01,CC,2006-11-26,stranding - volusia,Subadult,UR,2007-04-04,released  winter haven park,boat hit to carapace,TRUE,FALSE,FALSE,FALSE,FALSE,FALSE,FALSE,FALSE,FALSE,FALSE,FALSE,,,,,,,,,,b225dd24-1d37-4252-b989-e342a690968b
63d676a0-bd33-4f69-bab9-a74a69b13aea,Cc0673 Kringle,6335,MLB061217-01,CC,2006-12-17,stranding - st johns cty,Subadult,UR,2007-04-21,released,barnacle bill,FALSE,TRUE,FALSE,FALSE,FALSE,FALSE,FALSE,FALSE,FALSE,FALSE,FALSE,,,,,,,,,,b225dd24-1d37-4252-b989-e342a690968b
a6921557-55d5-447c-8fc4-8c7c572faec0,Lk0674 Ebenezer,6336,061219-01,LK,2006-12-19,stranding - volusia cty ponce inlet,Juvenile,UR,2007-05-16,released,head trauma and left eye orbit,TRUE,FALSE,FALSE,FALSE,FALSE,FALSE,FALSE,FALSE,FALSE,FALSE,FALSE,,,,,,,,,,b225dd24-1d37-4252-b989-e342a690968b
04136e76-5239-4d0c-bfa8-055c28b63913,Lk0675 Scrooge,6337,MLB061219-02,LK,2006-12-19,stranding - volusia cty main street,Juvenile,UR,2007-04-23,released,URI,FALSE,FALSE,FALSE,FALSE,TRUE,FALSE,FALSE,FALSE,FALSE,FALSE,FALSE,,,,,,,,,,b225dd24-1d37-4252-b989-e342a690968b
9415f8fe-bcb7-4b6c-be92-0d0a2f9dc9f2,Cm0707 Fleming,7009,KAR070125-01,CM,2007-01-25,stranding - brevard cty,Juvenile,UR,2007-05-19,released,"URI, barnacle over barnacle coverage",FALSE,FALSE,FALSE,FALSE,TRUE,FALSE,FALSE,FALSE,FALSE,FALSE,FALSE,,,,,,,,,,b225dd24-1d37-4252-b989-e342a690968b
3fcec9c4-30bf-426c-ae09-6074b9cda76a,Cc0709 Coleman,7027,EPD070222-01,CC,2007-02-23,stranding - st lucie cty,Subadult,UR,2007-05-16,released,"shell impacted, anemic",FALSE,TRUE,FALSE,FALSE,FALSE,FALSE,FALSE,FALSE,FALSE,FALSE,FALSE,,,,,,,,,,b225dd24-1d37-4252-b989-e342a690968b
5aaaf06e-5283-4910-8c4c-19c0e2bbfca7,Cm0714 Mydas,7046,MLB070319-02,CM,2007-03-19,stranding - flagler cty,Juvenile,UR,2007-05-16,released,deficated plastic and balloon,FALSE,TRUE,FALSE,FALSE,FALSE,FALSE,FALSE,FALSE,FALSE,FALSE,FALSE,,,,,,,,,,b225dd24-1d37-4252-b989-e342a690968b
c575ce71-ba8d-429b-a852-b27f8e591f15,Ei0710,7073,BEL070301-01,EI,2007-03-05,stranding - volusia cty,Post-hatchling,UR,2007-04-03,released,,FALSE,FALSE,FALSE,FALSE,FALSE,FALSE,FALSE,FALSE,FALSE,TRUE,FALSE,,,,,,,,,,b225dd24-1d37-4252-b989-e342a690968b
1ace8955-fd5f-4991-93c7-9b41da310539,EI0719,7051,DBH070324-01,EI,2007-03-24,stranding - brevard cty,Post-hatchling,UR,2007-03-31,died,,FALSE,FALSE,FALSE,FALSE,FALSE,FALSE,FALSE,FALSE,FALSE,TRUE,FALSE,,,,,,,,,,b225dd24-1d37-4252-b989-e342a690968b
6d3fd16b-8d18-4b01-9d57-6dcdb98d44ae,Ei0717 lil john,7048,MLB070323-01,EI,2007-03-23,stranding - volusia cty,Juvenile,UR,2007-07-15,died,left side float and overexpanded lung,FALSE,FALSE,FALSE,FALSE,TRUE,FALSE,FALSE,FALSE,FALSE,TRUE,FALSE,,,,,,,,,,b225dd24-1d37-4252-b989-e342a690968b
78b1a93a-60b2-420d-807d-08ad015625e9,Ei0721,7053,MLB0727-01,EI,2007-03-27,stranding - volusia cty,Post-hatchling,UR,2007-04-03,,,FALSE,FALSE,FALSE,FALSE,FALSE,FALSE,FALSE,FALSE,FALSE,TRUE,FALSE,,,,,,,,,,b225dd24-1d37-4252-b989-e342a690968b
dd9e90ba-5056-461c-bf33-c14f639bd730,Cc0720,7052,MLB070325-01,CC,2007-03-25,stranding - volusia cty,Subadult,UR,2007-04-13,died,"severly emaciated, sternum through plastron, severly anemic",FALSE,TRUE,FALSE,FALSE,FALSE,FALSE,FALSE,FALSE,FALSE,FALSE,FALSE,,,,,,,,,,b225dd24-1d37-4252-b989-e342a690968b
4971f76f-8b34-4db9-bedb-c841a3a0a5d0,Cc0711 Dracul,7035,MLB070313-01,CC,2007-03-13,stranding - volusia,Subadult,UR,2007-04-23,died,"severly emaciated, barnacle encrusted, shell impacted",FALSE,TRUE,FALSE,FALSE,FALSE,FALSE,FALSE,FALSE,FALSE,FALSE,FALSE,,,,,,,,,,b225dd24-1d37-4252-b989-e342a690968b
244e46b5-05cc-4ae6-a81c-e49e312af07e,Cc0718 Brutus,7050,MLB070323-02,CC,2007-03-23,stranding - volusia cty,Subadult,UR,2007-06-08,released,"barnacle encrusted, shell impacted, emaciated, hypoglycemic",FALSE,TRUE,FALSE,FALSE,FALSE,FALSE,FALSE,FALSE,FALSE,FALSE,FALSE,,,,,,,,,,b225dd24-1d37-4252-b989-e342a690968b
07c1762d-c50e-4bc4-884a-f4185dab1dc7,Cc0702,7002,,CC,2007-01-12,stranding - flagler,Subadult,UR,2007-01-12,died,"barnacle bill, emaciated",FALSE,TRUE,FALSE,FALSE,FALSE,FALSE,FALSE,FALSE,FALSE,FALSE,FALSE,,,,,,,,,,b225dd24-1d37-4252-b989-e342a690968b
a68002fa-d7c4-4528-8cbc-b29df73d7a61,Cc0703 Gussy,7003,,CC,2007-01-12,stranding - volusia,Subadult,UR,2007-01-26,died,"barnacle bill, emaciated",FALSE,TRUE,FALSE,FALSE,FALSE,FALSE,FALSE,FALSE,FALSE,FALSE,FALSE,,,,,,,,,,b225dd24-1d37-4252-b989-e342a690968b
595398b6-e455-43ec-950b-44e018a0fb71,Cm0704 Charlotte,7004,,CM,2007-01-13,stranding - volusia cty,Juvenile,UR,2007-03-28,released,URI,FALSE,FALSE,FALSE,FALSE,TRUE,FALSE,FALSE,FALSE,FALSE,FALSE,FALSE,,,,,,,,,,b225dd24-1d37-4252-b989-e342a690968b
f0bee2a1-2e5b-42c4-b65f-d082de583663,Cc0705 Golly,7005,,CC,2007-01-13,stranding - duval cty,Subadult,UR,2007-01-29,died,"barnacle bill, emaciated",FALSE,TRUE,FALSE,FALSE,FALSE,FALSE,FALSE,FALSE,FALSE,FALSE,FALSE,,,,,,,,,,b225dd24-1d37-4252-b989-e342a690968b
7129519f-15f3-4214-b51e-4a3dedefd988,Cc0706,7006,,CC,2007-01-15,stranding - volusia cty,Subadult,UR,2007-01-27,died,boat hit to head and carapace,TRUE,FALSE,FALSE,FALSE,FALSE,FALSE,FALSE,FALSE,FALSE,FALSE,FALSE,,,,,,,,,,b225dd24-1d37-4252-b989-e342a690968b
08030060-6f27-4b8e-be41-03921c556960,Cc0708 Noah,7010,,CC,2007-01-26,stranding - volusia cty,Subadult,UR,2007-02-04,died,emaciated barnacle bill,FALSE,TRUE,FALSE,FALSE,FALSE,FALSE,FALSE,FALSE,FALSE,FALSE,FALSE,,,,,,,,,,b225dd24-1d37-4252-b989-e342a690968b
c62f1e2b-8864-4342-81e9-64d16eb9063b,69 baby green turtles,0700,MLB070213-01 to 69,CM,2007-02-13,nest - brevard cty,Hatchling,UR,2007-02-14,released,69 baby green turtles from late nest at patrick air force base,FALSE,FALSE,FALSE,FALSE,FALSE,FALSE,FALSE,FALSE,FALSE,TRUE,FALSE,,,,,,,,,,b225dd24-1d37-4252-b989-e342a690968b
0440f4e6-308d-489b-93b1-86b65d8b8c05,Cm0712,7036,,CM,2007-03-13,stranding flagler,Juvenile,UR,2007-03-14,died,"shell deformity, lung trauma",FALSE,FALSE,FALSE,FALSE,FALSE,FALSE,FALSE,FALSE,FALSE,TRUE,FALSE,,,,,,,,,,b225dd24-1d37-4252-b989-e342a690968b
0eba1662-1ed7-4102-bf3b-7e026e258032,Cm0713,7045,,CM,2007-03-15,stranding  brevard,Juvenile,UR,2007-03-19,died,"emaciated, barnacle encrusted",FALSE,FALSE,FALSE,FALSE,TRUE,FALSE,FALSE,FALSE,FALSE,FALSE,FALSE,,,,,,,,,,b225dd24-1d37-4252-b989-e342a690968b
fdcf064a-3479-429e-9dbb-47d8b7108043,Cm0723,7060,AMF070330-01,CM,2007-03-30,Indian River Cty,Juvenile,UR,2007-04-11,died,"severly emaciated, sternum through plastron, barnacle encrusted, leeches",FALSE,FALSE,FALSE,FALSE,TRUE,FALSE,FALSE,FALSE,FALSE,TRUE,FALSE,,,,,,,,,,b225dd24-1d37-4252-b989-e342a690968b
d2ca4bd9-03fe-4e82-8911-96de9044716e,Cc0668 Meyer,6322,MLB061210-01,CC,2006-12-10,NSB  Volusia Cty,Subadult,UR,2007-03-10,released,NE Stranding turtle - released by Gumbo LImbo,FALSE,FALSE,FALSE,FALSE,TRUE,FALSE,FALSE,TRUE,FALSE,FALSE,FALSE,,,,,,,,,,b225dd24-1d37-4252-b989-e342a690968b
4977887b-9367-45b9-8191-933d9dc8e7f0,Cc0715,7047,MLB070321.01,CC,2007-03-21,NSB  Volusia Cty,Subadult,UR,2007-03-23,died,"barnacle bill, anemic",FALSE,TRUE,FALSE,FALSE,FALSE,FALSE,FALSE,FALSE,FALSE,FALSE,FALSE,,,,,,,,,,b225dd24-1d37-4252-b989-e342a690968b
37610220-c2dd-47c8-a1c2-5b1124e0f386,Cm0716,7048,,CM,2007-03-22,st johns cty,Juvenile,UR,2007-03-29,died,boat hit to spine and left eye,FALSE,FALSE,FALSE,FALSE,FALSE,FALSE,FALSE,FALSE,FALSE,FALSE,FALSE,,,,,,,,,,b225dd24-1d37-4252-b989-e342a690968b
98f48979-43dc-4950-b0f3-0541c0aacee9,Cm0724,7061,DBH070404-01,CM,2007-04-04,Cape Canaveral Brevard Cty,Juvenile,UR,2007-04-07,died,gang green patches on all soft tissue and eating through plastron,FALSE,FALSE,FALSE,FALSE,FALSE,FALSE,FALSE,TRUE,FALSE,FALSE,FALSE,,,,,,,,,,b225dd24-1d37-4252-b989-e342a690968b
8c2b6397-953f-4fec-9800-e151a8cc413b,Ei0725,7072,CJC070414-01,EI,2007-04-14,stranding brevard county,Post-hatchling,UR,2007-05-01,died,emaciated and covered in hair algaes and small barnacles,FALSE,FALSE,FALSE,FALSE,FALSE,FALSE,FALSE,FALSE,FALSE,TRUE,FALSE,,,,,,,,,,b225dd24-1d37-4252-b989-e342a690968b
92c76517-3478-4e88-8a36-c14b303f126a,Cm0728 Motley,7076,DBH070425-01,CM,2007-04-25,brevard cty  cape canaveral,Subadult,UR,2007-11-15,died,"boat hit to left rear and side of carapace, floater, possible pelvic damage, unable to defecate",TRUE,FALSE,FALSE,FALSE,FALSE,FALSE,FALSE,FALSE,FALSE,FALSE,FALSE,,,,,,,,,,b225dd24-1d37-4252-b989-e342a690968b
700c67ac-0ec3-4ac5-a2ea-97cfaa87818c,Ei0727,7075,MLB070423-02,EI,2007-04-23,"volusia cty, winter haven park",Post-hatchling,UR,2007-04-24,died,plastron damage from bird bite,FALSE,FALSE,FALSE,FALSE,FALSE,FALSE,FALSE,FALSE,FALSE,TRUE,FALSE,,,,,,,,,,b225dd24-1d37-4252-b989-e342a690968b
a258ba66-0bcd-4d6e-b72d-31285340ecb9,Ei0726,7074,MLB070423-01,EI,2007-04-23,"volusia cty, winter haven park",Post-hatchling,UR,2007-05-25,died,emaciated,FALSE,FALSE,FALSE,FALSE,FALSE,FALSE,FALSE,FALSE,FALSE,FALSE,FALSE,,,,,,,,,,b225dd24-1d37-4252-b989-e342a690968b
8197ce74-5849-4d2c-a43e-b5605ca35896,Cc0729,7079,MLB070429-01,CC,2007-04-29,"volusia cty, nsb intracoastal",Subadult,UR,2007-05-06,died,"necrotic flesh pockets, emaciated",FALSE,TRUE,FALSE,FALSE,FALSE,FALSE,FALSE,TRUE,FALSE,FALSE,FALSE,,,,,,,,,,b225dd24-1d37-4252-b989-e342a690968b
8d1ca4d5-751a-4f43-b2ed-3be28416e25b,Cm0730 Blackie,7081,MLB070501-01,CM,2007-05-01,"volusia cty, ponce inlet nsb side",Juvenile,UR,2007-08-13,released,"shark bite, lacerated rff, rrf, head trauma",FALSE,FALSE,FALSE,FALSE,FALSE,TRUE,FALSE,FALSE,FALSE,FALSE,FALSE,,,,,,,,,,b225dd24-1d37-4252-b989-e342a690968b
606156cf-c735-4e11-97f1-6a228e429ddd,Ei0731,7096,MLB070507-01,EI,2007-05-07,"volusia cty, ormond beach",Post-hatchling,UR,2007-06-01,died,"hair algae, leech eggs,  gooseneck barnacles",FALSE,FALSE,FALSE,FALSE,FALSE,FALSE,FALSE,FALSE,FALSE,TRUE,FALSE,,,,,,,,,,b225dd24-1d37-4252-b989-e342a690968b
c442ae47-43ca-4374-919e-6000fcf3aebb,Cc0732 Crue,7097,MLB070515-01,CC,2007-05-15,volusia cty ormond beach,Subadult,UR,2007-05-24,died,"emaciated, anemic, post shell impaction",FALSE,TRUE,FALSE,FALSE,FALSE,FALSE,FALSE,FALSE,FALSE,FALSE,FALSE,,,,,,,,,,b225dd24-1d37-4252-b989-e342a690968b
9e80db68-1a05-4d0a-b6e6-1fecb9d14f8e,Cc0733 Hilda,7098,BEL070521-01,CC,2007-05-21,"volusia cty, daytona beach",Adult,UR,2007-07-23,released,"hypoglycemic, severe edema, prolapsed cloaca, shell impacted",FALSE,TRUE,FALSE,FALSE,FALSE,FALSE,FALSE,FALSE,FALSE,FALSE,FALSE,,,,,,,,,,b225dd24-1d37-4252-b989-e342a690968b
3c21de95-cfe2-4396-ac59-dce5e7b6b2c0,Cm0734 Jake,7100,DBH070521-01,CM,2007-05-22,brevard cty,Juvenile,UR,2007-07-02,released,fish hook in throat,FALSE,FALSE,FALSE,TRUE,FALSE,FALSE,FALSE,FALSE,FALSE,FALSE,FALSE,,,,,,,,,,b225dd24-1d37-4252-b989-e342a690968b
d7fe6f98-d8c5-4afa-bb67-d5dfdcd58340,Ei0735,7113,MLB070531-01,EI,2007-05-31,vol cty turtle patrol wilbur by the sea,Post-hatchling,UR,2007-06-07,released,emaciated,FALSE,FALSE,FALSE,FALSE,FALSE,FALSE,FALSE,FALSE,FALSE,TRUE,FALSE,,,,,,,,,,b225dd24-1d37-4252-b989-e342a690968b
1546c78b-1a5d-4abb-9d0a-c5121e940816,Cc0736,7114,DBH070530-01,CC,2007-05-31,Brevard Cty,Subadult,UR,2007-06-05,died,"missing rear of carapace; severe shell impaction, anemic, barnacle covered",TRUE,TRUE,FALSE,FALSE,FALSE,FALSE,FALSE,FALSE,FALSE,FALSE,FALSE,,,,,,,,,,b225dd24-1d37-4252-b989-e342a690968b
1174de64-874e-488d-b6b8-7e9ba795818b,Cm0737,7115,MLB070604-01,CM,2007-06-04,NSB beach patrol,Juvenile,UR,2007-06-20,released,impacted,FALSE,TRUE,FALSE,FALSE,FALSE,FALSE,FALSE,FALSE,FALSE,FALSE,FALSE,,,,,,,,,,b225dd24-1d37-4252-b989-e342a690968b
52dfa471-bf2a-4cf5-9fac-0727e27ac3fb,Cm0738 Cybal,7116,TMD070605-01,CM,2007-06-05,A1A near the Conch House (?),Juvenile,UR,,,boat hit to vertebral scutes of carapace,TRUE,FALSE,FALSE,FALSE,FALSE,FALSE,FALSE,FALSE,FALSE,FALSE,FALSE,,,,St. Johns,29.5335,-81.1742,,,,b225dd24-1d37-4252-b989-e342a690968b
b5d0b4c7-7a66-4d0f-89fa-6ac4ce7da2f9,Cc0739,7124,MLB070614-01,CC,2007-06-14,Volusia cty beach st,Subadult,UR,2007-06-19,died,"leeches, barnacles emaciated, carapace margin fracture left lower; pcv 3 t.p. 0",TRUE,TRUE,FALSE,FALSE,FALSE,FALSE,FALSE,FALSE,FALSE,FALSE,FALSE,,,,,,,,,,b225dd24-1d37-4252-b989-e342a690968b
5ef956d2-4563-4546-9a64-9508bacebb5b,Cm0740 Winston,7132,ALC070622-01,CM,2007-06-22,"brevard cty, port canaveral",Juvenile,UR,2007-07-20,died,fishing line constriction around neck,FALSE,FALSE,TRUE,FALSE,FALSE,FALSE,FALSE,FALSE,FALSE,FALSE,FALSE,,,,,,,,,,b225dd24-1d37-4252-b989-e342a690968b
aac0ca7f-9488-456d-ac38-6ca95ad7f226,Cc0741 Cracker,7139,MLB070704-01,CC,2007-07-04,Volusia Cty,Subadult,UR,2007-07-09,died,"toxicosis, neuro?; old hook wound lower jaw",FALSE,FALSE,FALSE,TRUE,TRUE,FALSE,FALSE,TRUE,FALSE,FALSE,FALSE,,,,,,,,,,b225dd24-1d37-4252-b989-e342a690968b
b4a96892-bab5-46b5-aae5-0bbbcc41cbc7,Cm0742,7147,NMY070724-01,CM,2007-07-24,brevard cty cape canaveral,Juvenile,UR,2007-08-11,died,"neurologic head tilt  hyperglycemic, tar in feces",FALSE,TRUE,FALSE,FALSE,FALSE,FALSE,FALSE,FALSE,FALSE,TRUE,FALSE,,,,,,,,,,b225dd24-1d37-4252-b989-e342a690968b
a989e353-76da-4a2a-810f-42be6488b98e,Cm0743,7146,MLB070726-01,CM,2007-07-26,volusia cty daytona beach,Juvenile,UR,2007-07-27,died,blunt trauma fractures to right front carapace and plastron - boat hit,TRUE,FALSE,FALSE,FALSE,FALSE,FALSE,FALSE,FALSE,FALSE,FALSE,FALSE,,,,,,,,,,b225dd24-1d37-4252-b989-e342a690968b
2bec732e-d7f1-4cc1-a650-0a6172fb1020,Cm0744 Lucie,7151,MLB070805-01,CM,2007-08-05,flagler cty,Juvenile,UR,2007-08-07,died,"boat hit right side carapace and plastron, rff, right side head",TRUE,FALSE,FALSE,FALSE,FALSE,FALSE,FALSE,FALSE,FALSE,FALSE,FALSE,,,,,,,,,,b225dd24-1d37-4252-b989-e342a690968b
8ff49ab8-298e-4ef2-91ae-eb2e49531772,Cc0745 Eightball,7167,MSM070808-01,CC,2007-08-08,st johns cty anastasia park,Subadult,UR,2007-11-13,released,"barnacle encrusted, slightly emaciated",FALSE,TRUE,FALSE,FALSE,FALSE,FALSE,FALSE,FALSE,FALSE,FALSE,FALSE,,,,,,,,,,b225dd24-1d37-4252-b989-e342a690968b
51b88d9d-8cfa-44f1-b8c8-180445a6c440,Cm0746 Jetty,7168,NMY070811-01,CM,2007-08-11,brevard cty jetty park,Juvenile,UR,2007-09-28,RELEASED,fish hook wounds right shoulder ventral side,FALSE,FALSE,FALSE,TRUE,FALSE,FALSE,FALSE,FALSE,FALSE,FALSE,FALSE,,,,,,,,,,b225dd24-1d37-4252-b989-e342a690968b
b4126048-948c-44ca-a8ea-ef19299f5bd0,Cc0747,7176,TTH070904-01,CC,2007-09-04,st johns county,Subadult,UR,2007-10-19,died,"hyperglycemic, coma-like state, UI",FALSE,FALSE,FALSE,FALSE,TRUE,FALSE,FALSE,TRUE,FALSE,FALSE,FALSE,,,,,,,,,,b225dd24-1d37-4252-b989-e342a690968b
8a0fd93d-5e5f-4b3e-b08f-d77e9593f5d0,Cm0748,7180,MLB070910-01,CM,2007-09-10,brevard cty cape canaveral,Juvenile,UR,2007-09-23,died,"missing lrf, floating - rads show impaction",FALSE,TRUE,FALSE,FALSE,FALSE,FALSE,FALSE,FALSE,FALSE,TRUE,FALSE,,,,,,,,,,b225dd24-1d37-4252-b989-e342a690968b
aab2ae92-f24c-4753-a40b-2d0ac114c9d9,Cc0749 Big Mama,7211,MLB070930-01,CC,2007-09-30,"Volusia cty, racings north turn",Adult,UR,2007-11-09,"jekyll island, tx","barnacle encrusted, gooseneck; possible parasite",FALSE,FALSE,FALSE,FALSE,FALSE,FALSE,FALSE,FALSE,FALSE,TRUE,FALSE,,,,,,,,,,b225dd24-1d37-4252-b989-e342a690968b
a0cc2f62-2390-4d99-8148-3d81adf8da20,Cc0750 Spitfire,7212,MLB071001-01,CC,2007-10-01,"volusia cty, 4537 s a1a",Subadult,UR,2007-12-03,transfer Jekyll Island,"edema, moderate barnacles, hypoglycemic, left float and impaction",FALSE,TRUE,FALSE,FALSE,FALSE,FALSE,FALSE,FALSE,FALSE,FALSE,FALSE,,,,,,,,,,b225dd24-1d37-4252-b989-e342a690968b
ab69f34f-ee5c-4f2a-a935-bbda341f3d33,Cm0751 Ginny,7213,MLB071021-01,CM,2007-10-21,palm coast,Juvenile,UR,,,boat strike to left rear carapace and throught the tail/cloaca,TRUE,FALSE,FALSE,FALSE,FALSE,FALSE,FALSE,FALSE,FALSE,FALSE,FALSE,,,,Flagler,29.74361,-81.27694,,,,b225dd24-1d37-4252-b989-e342a690968b
327a3136-edaa-484f-a10c-ae3d43156a4c,Cm0752,7221,MLB071028-00,CM,2007-10-28,volusia cty beach patrol,Juvenile,UR,2007-11-30,released,"moderate barnacle coverage, green hair algae, lacerations above right eye and on rff",FALSE,FALSE,FALSE,FALSE,FALSE,FALSE,FALSE,FALSE,FALSE,TRUE,FALSE,,,,,,,,,,b225dd24-1d37-4252-b989-e342a690968b
595aab93-f261-4e53-b8b8-12c3b7a1d5e4,Cc0753 Hellfire,7224,MLB071029-12,CC,2007-10-29,Flagler cty,Adult,UR,2007-11-28,released,"carapace fracture, shell impacted",TRUE,TRUE,FALSE,FALSE,FALSE,FALSE,FALSE,FALSE,FALSE,FALSE,FALSE,,,,,,,,,,b225dd24-1d37-4252-b989-e342a690968b
4a08a5c3-8f63-46cb-ac42-9045ff969810,Cc0754 Stewey,7225,MLB071031-01,CC,2007-10-31,volusia cty,Subadult,UR,2007-12-04,tx swf,"shell impacted, severe floatation difficulties",FALSE,TRUE,FALSE,FALSE,FALSE,FALSE,FALSE,FALSE,FALSE,FALSE,FALSE,,,,,,,,,,b225dd24-1d37-4252-b989-e342a690968b
70a6c833-a0cf-4958-bc1a-57e7aecfb49e,Cc0755,7226,CJC071104-01,CC,2007-11-04,brevard cty,Subadult,UR,2008-01-21,died,"hyperglycemic, 6 bpm HR, pneumonia, minimal response",FALSE,FALSE,FALSE,FALSE,TRUE,FALSE,FALSE,TRUE,FALSE,FALSE,FALSE,,,,,,,,,,b225dd24-1d37-4252-b989-e342a690968b
dd15c4f0-7225-444d-8334-6bfb997b1bb4,Cc0756 LaLa,7239,CJC071114-01,CC,2007-11-14,brevard county canaveral,Subadult,UR,2008-01-11,released,"shell impacted, anemic",FALSE,TRUE,FALSE,FALSE,FALSE,FALSE,FALSE,FALSE,FALSE,FALSE,FALSE,,,,,,,,,,b225dd24-1d37-4252-b989-e342a690968b
18b3a5ff-528c-4f3b-9aa4-195651076d8c,Cm0757,7240,MLB071119-01,CM,2007-11-19,volusia cty daytona,Juvenile,UR,2007-11-21,died,"left rear strike, spinal and fractured lrf",TRUE,FALSE,FALSE,FALSE,FALSE,FALSE,FALSE,FALSE,FALSE,FALSE,FALSE,,,,,,,,,,b225dd24-1d37-4252-b989-e342a690968b
7c7fa2e4-4b79-4fb3-afb7-63bb03efbbb7,Cc0758 Barb C,7241,RDP071120-01,CC,2007-11-20,brevard cty,Subadult,UR,2007-12-21,released,"moderate body weight, shell impacted",FALSE,TRUE,FALSE,FALSE,FALSE,FALSE,FALSE,FALSE,FALSE,FALSE,FALSE,,,,,,,,,,b225dd24-1d37-4252-b989-e342a690968b
73089770-91a2-4a06-b00e-94c89aa19f77,Cm0759,7251,MXR071124-01,CM,2007-11-25,Indian River County,Juvenile,UR,2007-11-26,died,paps covering both corneas and large growths on soft tissus,FALSE,FALSE,FALSE,FALSE,FALSE,FALSE,TRUE,FALSE,FALSE,FALSE,FALSE,,,,,,,,,,b225dd24-1d37-4252-b989-e342a690968b
497a0536-7a53-4e6a-b384-6719bdb764fc,Cc0760 Old Boots,7252,CJC071129-01,CC,2007-11-29,playalinda beach,Subadult,UR,2008-04-19,released,"minor shell impaction, possible red tide",FALSE,TRUE,FALSE,FALSE,TRUE,FALSE,FALSE,TRUE,FALSE,FALSE,FALSE,,,,Brevard,,,Volusia,,,b225dd24-1d37-4252-b989-e342a690968b
6602a284-17f4-4a28-99ba-6d1eebe72800,Cm0761,7255,MLB071201-01,CM,2007-12-01,brevard cty,Juvenile,UR,2007-12-04,tx swf,red tide,FALSE,FALSE,FALSE,FALSE,FALSE,FALSE,FALSE,TRUE,FALSE,FALSE,FALSE,,,,,,,,,,b225dd24-1d37-4252-b989-e342a690968b
148edf53-1525-4e20-b029-c5ec086aafb9,Cm0762,7256,MLB071201-02,CM,2007-12-01,brevard cty,Juvenile,UR,2007-12-04,tx swf,red tide,FALSE,FALSE,FALSE,FALSE,FALSE,FALSE,FALSE,TRUE,FALSE,FALSE,FALSE,,,,,,,,,,b225dd24-1d37-4252-b989-e342a690968b
d5c03a5a-83f9-45c3-9abf-b0280baad0f8,Cc0763 Patti,7257,MLB071201-03,CC,2007-12-01,volusia cty ormond by the sea,Adult,UR,2007-12-13,tx to clearwater,"hypoglycemic, low hr, moderate small barnacle coverage",FALSE,FALSE,FALSE,FALSE,FALSE,FALSE,FALSE,TRUE,FALSE,FALSE,FALSE,,,,,,,,,,b225dd24-1d37-4252-b989-e342a690968b
ee946b11-fde7-46a6-af6f-f3b352b9f17d,Cm0764,7258,DBH071201-03,CM,2007-12-01,brevard cty,Juvenile,UR,2007-12-04,tx swf,red tide,FALSE,FALSE,FALSE,FALSE,FALSE,FALSE,FALSE,TRUE,FALSE,FALSE,FALSE,,,,,,,,,,b225dd24-1d37-4252-b989-e342a690968b
45a3e476-4dab-45fe-b5e3-03a82d6fd262,Cm0765,7259,DBH071201-05,CM,2007-12-01,brevard cty,Juvenile,UR,2007-12-04,tx swf,red tide,FALSE,FALSE,FALSE,FALSE,FALSE,FALSE,FALSE,TRUE,FALSE,FALSE,FALSE,,,,,,,,,,b225dd24-1d37-4252-b989-e342a690968b
0c9d7100-3650-4345-81ff-b82ede34a090,Cm0766,7260,AAR071201-01,CM,2007-12-01,brevard cty,Juvenile,UR,2007-12-24,tx disney,red tide,FALSE,FALSE,FALSE,FALSE,FALSE,FALSE,FALSE,TRUE,FALSE,FALSE,FALSE,,,,,,,,,,b225dd24-1d37-4252-b989-e342a690968b
a8517947-51a4-4208-bc39-2ca987c97a53,Cm0767,7261,AAR071202-01,CM,2007-12-02,brevard cty,Juvenile,UR,2007-12-04,tx swf,red tide,FALSE,FALSE,FALSE,FALSE,FALSE,FALSE,FALSE,TRUE,FALSE,FALSE,FALSE,,,,,,,,,,b225dd24-1d37-4252-b989-e342a690968b
592e33ac-e59d-4775-9562-bd207ba7e51c,Cm0768,7262,AAR071202-02,CM,2007-12-02,brevard cty,Juvenile,UR,2007-12-13,tx to juno,red tide,FALSE,FALSE,FALSE,FALSE,FALSE,FALSE,FALSE,TRUE,FALSE,FALSE,FALSE,,,,,,,,,,b225dd24-1d37-4252-b989-e342a690968b
2ef1b290-50a1-43db-9b07-a1300d71aa1b,Cm0769,7263,DBH071202-01,CM,2007-12-02,brevard cty,Juvenile,UR,2008-01-09,tx to disney,red tide,FALSE,FALSE,FALSE,FALSE,FALSE,FALSE,FALSE,TRUE,FALSE,FALSE,FALSE,,,,,,,,,,b225dd24-1d37-4252-b989-e342a690968b
3d42c5fe-1b82-45b9-90ce-b057de2688ec,Cm0770,7264,DBH071202-04,CM,2007-12-02,brevard cty,Juvenile,UR,2008-01-09,tx to disney,red tide,FALSE,FALSE,FALSE,FALSE,FALSE,FALSE,FALSE,TRUE,FALSE,FALSE,FALSE,,,,,,,,,,b225dd24-1d37-4252-b989-e342a690968b
5cd1e25a-8741-437b-853c-1958d3162c92,Cm0771,7265,DBH071202-03,CM,2007-12-02,bravard cty,Juvenile,UR,2008-01-09,tx to disney,red tide,FALSE,FALSE,FALSE,FALSE,FALSE,FALSE,FALSE,TRUE,FALSE,FALSE,FALSE,,,,,,,,,,b225dd24-1d37-4252-b989-e342a690968b
1273a98d-5cfc-4eb6-a09c-9fa75f575d95,Cm0772,7266,DAB071202-01,CM,2007-12-02,brevard,Juvenile,UR,2008-01-09,tx to disney,red tide,FALSE,FALSE,FALSE,FALSE,FALSE,FALSE,FALSE,TRUE,FALSE,FALSE,FALSE,,,,,,,,,,b225dd24-1d37-4252-b989-e342a690968b
dd377fc4-80ff-4adc-bcdf-8f36576e2969,Cm0773,7267,DBH071202-06,CM,2007-12-02,Indian Harbor Beach,Juvenile,UR,2008-01-16,Paradise Beach,red tide,FALSE,FALSE,FALSE,FALSE,FALSE,FALSE,FALSE,TRUE,FALSE,FALSE,FALSE,,,,Brevard,,,Brevard,,,b225dd24-1d37-4252-b989-e342a690968b
df9092be-c16d-45ae-9f59-7b3e391cdf6d,Cm0774,7268,AAR071202-03,CM,2007-12-02,Satellite Beach,Juvenile,UR,2008-01-16,Paradise Beach,red tide,FALSE,FALSE,FALSE,FALSE,FALSE,FALSE,FALSE,TRUE,FALSE,FALSE,FALSE,,,,Brevard,,,Brevard,,,b225dd24-1d37-4252-b989-e342a690968b
630741ed-25e4-448c-b85b-86910bb4bc7b,Cm0775,7269,DBH071202-09,CM,2007-12-02,Milennium Park,Juvenile,UR,2008-01-16,Paradise Beach,red tide,FALSE,FALSE,FALSE,FALSE,FALSE,FALSE,FALSE,TRUE,FALSE,FALSE,FALSE,,,,Brevard,,,Brevard,,,b225dd24-1d37-4252-b989-e342a690968b
747464a8-a7ae-41bd-8fc0-b18f0fd0a5a6,Cm0776,7270,DBH071202-08,CM,2007-12-02,brevard cty,Juvenile,UR,2007-12-24,tx disney,red tide,FALSE,FALSE,FALSE,FALSE,FALSE,FALSE,FALSE,TRUE,FALSE,FALSE,FALSE,,,,,,,,,,b225dd24-1d37-4252-b989-e342a690968b
54583149-9c64-4b6a-abe0-0d101d94ba9f,Cm0777,7271,DBH071202-07,CM,2007-12-02,brevard cty,Juvenile,UR,2007-12-24,tx disney,red tide,FALSE,FALSE,FALSE,FALSE,FALSE,FALSE,FALSE,TRUE,FALSE,FALSE,FALSE,,,,,,,,,,b225dd24-1d37-4252-b989-e342a690968b
b6834822-0edc-4c6b-8a18-0512fdfb7ff1,Cm0778,7283,AAR071203-02,CM,2007-12-03,brevard cty,Juvenile,UR,2007-12-24,tx disney,red tide,FALSE,FALSE,FALSE,FALSE,FALSE,FALSE,FALSE,TRUE,FALSE,FALSE,FALSE,,,,,,,,,,b225dd24-1d37-4252-b989-e342a690968b
19e79adf-2209-4586-a8dd-22cca6401c04,Cm0779,7284,DBH071203-02,CM,2007-12-03,melbourne beach,Juvenile,UR,2008-01-16,Paradise Beach,RED TIDE,FALSE,FALSE,FALSE,FALSE,FALSE,FALSE,FALSE,TRUE,FALSE,FALSE,FALSE,,,,Brevard,,,Brevard,,,b225dd24-1d37-4252-b989-e342a690968b
76f79ca3-7ec9-42ac-b6a6-1b4b1df340c5,Cm0780,7285,DBH071202-10,CM,2007-12-03,BREVARD CTY,Juvenile,UR,2007-12-13,tx to juno,RED TIDE,FALSE,FALSE,FALSE,FALSE,FALSE,FALSE,FALSE,TRUE,FALSE,FALSE,FALSE,,,,,,,,,,b225dd24-1d37-4252-b989-e342a690968b
7f8646f5-0956-408c-9e00-a568e3b8e729,Cm0781,7286,DBH011203-01,CM,2007-12-03,BREVARD CTY,Juvenile,UR,2007-12-13,tx to juno,RED TIDE,FALSE,FALSE,FALSE,FALSE,FALSE,FALSE,FALSE,TRUE,FALSE,FALSE,FALSE,,,,,,,,,,b225dd24-1d37-4252-b989-e342a690968b
95e2f7fe-2c3e-4146-8b49-2557e948c404,Cc0782,7288,MLB071210-01,CC,2007-12-10,Volusia cty ormond by the sea,Subadult,UR,2007-12-13,transferred clearwater,barnacle bill,FALSE,TRUE,FALSE,FALSE,FALSE,FALSE,FALSE,FALSE,FALSE,FALSE,FALSE,,,,,,,,,,b225dd24-1d37-4252-b989-e342a690968b
a94108b0-dfa0-4bec-ab33-33717a08661d,Cm0783,7289,TWW071210-01,CM,2007-12-10,Indian River Cty,Juvenile,UR,2007-12-13,transferred to clearwater,pap turtle,FALSE,FALSE,FALSE,FALSE,FALSE,FALSE,TRUE,FALSE,FALSE,FALSE,FALSE,,,,,,,,,,b225dd24-1d37-4252-b989-e342a690968b
21949271-3895-4dc1-a90e-30d75d0c84e4,Cm0782,7288,MLB071210-01,CC,2007-12-10,volusia ormond by the sea,Subadult,UR,2007-12-13,tx to clearwater,barnacle bill,FALSE,TRUE,FALSE,FALSE,FALSE,FALSE,FALSE,FALSE,FALSE,FALSE,FALSE,,,,,,,,,,b225dd24-1d37-4252-b989-e342a690968b
83d39b37-5dab-43c7-a1ba-abd1b7336a16,Cc0784,7291,MLB071214-01,CC,2007-12-14,"Volusia Cty, NSB",Subadult,UR,2008-01-15,died,"severe barnacle coverage, low hr, possible neurotoxin",FALSE,FALSE,FALSE,FALSE,FALSE,FALSE,FALSE,TRUE,FALSE,FALSE,FALSE,,,,,,,,,,b225dd24-1d37-4252-b989-e342a690968b
b0b67b1c-567f-4bdb-85c9-75f3d3786713,Cm0785,7292,MLB071215-01,CM,2007-12-18,New Smyrna Beach,Juvenile,UR,2008-01-16,Paradise Beach,possible red tide,FALSE,FALSE,FALSE,FALSE,FALSE,FALSE,FALSE,TRUE,FALSE,FALSE,FALSE,,,,Volusia,,,Brevard,,,b225dd24-1d37-4252-b989-e342a690968b
12714843-b65a-44b5-9e86-e42c9bab95cd,Cm0786,7293,RDP071215-01,CM,2007-12-15,cocoa beach,Juvenile,UR,2008-01-16,Paradise Beach,possible red tide,FALSE,FALSE,FALSE,FALSE,FALSE,FALSE,FALSE,TRUE,FALSE,FALSE,FALSE,,,,Brevard,,,Brevard,,,b225dd24-1d37-4252-b989-e342a690968b
6ab82cfe-eba0-456c-b700-246e452d5dc0,Cm0787,7294,MLB071215-02,CM,2007-12-15,"volusia cty, wilbur by the sea",Juvenile,UR,2008-03-21,"pelican bay, satellite beach",possible red tide,FALSE,FALSE,FALSE,FALSE,FALSE,FALSE,FALSE,TRUE,FALSE,FALSE,FALSE,,,,,,,Brevard,,,b225dd24-1d37-4252-b989-e342a690968b
1f2331eb-ac15-4bb5-aafa-6602af3b030c,Cm0788,7295,DBH071215-01,CM,2007-12-15,cocoa beach,Juvenile,UR,2008-01-16,Paradise Beach,possible red tide,FALSE,FALSE,FALSE,FALSE,FALSE,FALSE,FALSE,TRUE,FALSE,FALSE,FALSE,,,,Brevard,,,Brevard,,,b225dd24-1d37-4252-b989-e342a690968b
6a368b7c-9364-432b-9a45-29a4ee324b7d,Cm0789,7296,MLB071215-01,CM,2007-12-15,cocoa beach,Juvenile,UR,2008-01-16,Paradise Beach,possible red tide,FALSE,FALSE,FALSE,FALSE,FALSE,FALSE,FALSE,TRUE,FALSE,FALSE,FALSE,,,S,Brevard,,,Brevard,,,b225dd24-1d37-4252-b989-e342a690968b
fc1c2557-719f-4c0e-a12d-87bfa24f9979,Cm0790,7297,MLB071216-01,CM,2007-12-16,brevard cty jetty park,Juvenile,UR,2007-12-21,tx juno beach,possible red tide,FALSE,FALSE,FALSE,FALSE,FALSE,FALSE,FALSE,TRUE,FALSE,FALSE,FALSE,,,,,,,,,,b225dd24-1d37-4252-b989-e342a690968b
6168e083-209b-45f9-a305-6f2b530d96f1,Cm0791,7298,MLB071220-01,CM,2007-12-20,New Smyrna Beach,Juvenile,UR,2008-02-24,1/2 mile south eau gallie blvd,"old boat prop...rear floater, red tide",TRUE,TRUE,FALSE,FALSE,FALSE,FALSE,FALSE,TRUE,FALSE,FALSE,FALSE,,,,Volusia,,,Brevard,,,b225dd24-1d37-4252-b989-e342a690968b
91e2eab3-bf16-4627-9e2a-d26b22a5e026,CM0792,7299,MLB071220-02,CM,2007-12-20,flagler beach,Juvenile,UR,2008-02-10,died,boat hit head and upper carapace/spinal,TRUE,FALSE,FALSE,FALSE,FALSE,FALSE,FALSE,FALSE,FALSE,FALSE,FALSE,,,,Flagler,,,,,,b225dd24-1d37-4252-b989-e342a690968b
aef9853e-05f0-4155-8b15-0a778960850d,Cm0793,7315,SLS071228-02,CM,2007-12-28,KSC,Juvenile,UR,2008-02-17,1/2 MILE SOUTH OF EAU GALLIE BLVD,red tide,FALSE,FALSE,FALSE,FALSE,FALSE,FALSE,FALSE,TRUE,FALSE,FALSE,FALSE,,,,Brevard,28.37,-80.36,Brevard,,,b225dd24-1d37-4252-b989-e342a690968b
58d61725-35d5-4fc5-9368-5aa16fed1b1b,Cm0794,7316,RDP071228-01,CM,2007-12-28,"Brevard Cty, Melbourne Beach",Juvenile,UR,2008-01-09,tx to disney,red tide,FALSE,FALSE,FALSE,FALSE,FALSE,FALSE,FALSE,TRUE,FALSE,FALSE,FALSE,,,,,,,,,,b225dd24-1d37-4252-b989-e342a690968b
2c2ec206-10de-412a-803a-169a126387f1,Cm0801,8001,MLB080104-01,CM,2008-01-04,Volusia Cty,Juvenile,UR,2008-01-05,died,"emaciated, barnacle encrusted",FALSE,FALSE,FALSE,FALSE,FALSE,FALSE,FALSE,FALSE,FALSE,TRUE,FALSE,,,,,,,,,,b225dd24-1d37-4252-b989-e342a690968b
65e9bfe1-1b95-4fe5-8d08-da38b7189f7e,Cm0802 Artemis,8002,LAO080106-01,CM,2008-01-06,2620 s a1a,Juvenile,UR,2008-04-05,"released flagler pier, 500 yds north",severe barnacle encrustation,FALSE,FALSE,FALSE,FALSE,TRUE,FALSE,FALSE,FALSE,FALSE,FALSE,FALSE,,,,Flagler,29.26857,-81.06689,Flagler,,,b225dd24-1d37-4252-b989-e342a690968b
5e0f0dea-9706-4af0-9126-b80cd0891e5b,Cm0803,8012,MLB080112-01,CM,2008-01-12,Ponce Inlet/New Smyrna Beach?,Juvenile,UR,2008-01-19,died,second vert boat hit fracture,TRUE,FALSE,FALSE,FALSE,FALSE,FALSE,FALSE,FALSE,FALSE,FALSE,TRUE,D,playa del carmen mexico,S,Volusia,,,,,,b225dd24-1d37-4252-b989-e342a690968b
5c1c2fad-1745-490a-b2c2-29732eb84bd9,Cm0806,8109,RDP080122-02,CM,2008-01-22,Cocoa Beach,Juvenile,UR,2008-01-23,died,"missing lff, hole into cavity, prop hit to carapace",TRUE,FALSE,FALSE,FALSE,FALSE,FALSE,FALSE,FALSE,FALSE,FALSE,FALSE,,,,Brevard,28.16933,-80.36385,,,,b225dd24-1d37-4252-b989-e342a690968b
1c02648b-6728-4770-8023-fc2664baaf1e,Cm0804 Apollo,8107,MAS08012101,CM,2008-01-21,Ponce Inlet,Juvenile,UR,2008-04-19,released 2 miles north ponce inlet,"barnacle encrusted, uri",FALSE,FALSE,FALSE,FALSE,TRUE,FALSE,FALSE,TRUE,FALSE,FALSE,FALSE,,,,Volusia,,,Volusia,,,b225dd24-1d37-4252-b989-e342a690968b
bd77c7af-0484-4eb5-b578-a513215a3be1,Cm0805,8108,RDP080122-01,CM,2008-01-22,Cocoa Beach,Juvenile,UR,2008-02-02,died,"barnacle encrusted, uri",FALSE,FALSE,FALSE,FALSE,TRUE,FALSE,FALSE,TRUE,FALSE,FALSE,FALSE,,,,Brevard,,,,,,b225dd24-1d37-4252-b989-e342a690968b
97c653d6-251a-4869-a4df-369c0c9cb9af,Cc0807 Twitchy,8110,MLB080125-01,CC,2008-01-25,Ponce Inlet,Juvenile,UR,2008-04-27,released 2 miles north of ponce inlet,"neurologic signs, hypoglycemic",FALSE,FALSE,FALSE,FALSE,TRUE,FALSE,FALSE,TRUE,FALSE,FALSE,FALSE,,,,Volusia,,,Volusia,,,b225dd24-1d37-4252-b989-e342a690968b
ef5d875a-89ae-4b7e-b1cc-95dfa2e479ab,Cm0808 Stevie,8116,MLB080208-01,CM,2008-02-08,Palm Coast,Juvenile,UR,2008-03-05,died,"found floating, covered in muck, minimal barnacles, edema, old rear carapace injury, healed",TRUE,TRUE,FALSE,FALSE,FALSE,FALSE,FALSE,FALSE,FALSE,FALSE,FALSE,,,,Flagler,29.74361,-81.27694,,,,b225dd24-1d37-4252-b989-e342a690968b
2d255270-54f6-4afc-944d-20038b82b048,Cm0809 Phoebe,8117,MLB080210-01,CM,2008-02-10,3827 South A1A Daytona Beach Shores,Juvenile,UR,2008-05-22,"wilbur by the sea, boat house","URI, severe barnacle encrustation, underweight, hypothermic",FALSE,FALSE,FALSE,FALSE,FALSE,FALSE,FALSE,FALSE,FALSE,FALSE,FALSE,,,,Volusia,,,Volusia,,,b225dd24-1d37-4252-b989-e342a690968b
f04efdbd-b75f-4ec9-99b2-c0d8df7f98a2,Cm0810 Asterick,8118,MLB080211-01,CM,2008-02-11,Dunlawton and A1A Daytona Beach Shores,Juvenile,UR,2008-05-22,"Wilbur Boat house, Wilbur by the Sea","URI, severe barnacle encrustation, hypothermic, hypoglycemic",FALSE,FALSE,FALSE,FALSE,TRUE,FALSE,FALSE,FALSE,FALSE,FALSE,FALSE,,,,Volusia,,,Volusia,,,b225dd24-1d37-4252-b989-e342a690968b
60249f8f-2632-4434-8aaa-c1648fe7355b,Cm0811 Larry,8124,MLB080217-01,CM,2008-02-17,2865 S. Ponte Vedre Blvd,Juvenile,UR,2008-05-06,released wilbur by the sea,"heavy barnacle coverage, underweight, URI, gang green lesion lrf",FALSE,FALSE,FALSE,FALSE,TRUE,FALSE,FALSE,FALSE,FALSE,FALSE,FALSE,,,,St. Johns,,,Volusia,,,b225dd24-1d37-4252-b989-e342a690968b
0feb95df-0498-4ea1-bd8d-3521cb485fb2,Cm0812 Dionysus,8127,MLB080217-02,CM,2008-02-17,Lori Wilson Park,Juvenile,UR,2008-05-05,died,"blunt trauma to head, fractured midline and to right eye",TRUE,FALSE,FALSE,FALSE,FALSE,FALSE,FALSE,FALSE,FALSE,FALSE,FALSE,,,,Brevard,,,,,,b225dd24-1d37-4252-b989-e342a690968b
90b3b94e-fb82-4b8e-abb9-c8533b3af273,Cm0813 Hera,8128,MLB080220-01,CM,2008-02-20,flagler pier,Juvenile,UR,2008-04-05,released at flagler Pier 500 yds north,"caught twice on fish hook, moderate barnacle coverage",FALSE,FALSE,FALSE,TRUE,FALSE,FALSE,FALSE,FALSE,FALSE,FALSE,FALSE,,,,Flagler,,,Flagler,,,b225dd24-1d37-4252-b989-e342a690968b
a54d3f8b-0b6b-44f6-9d1e-3643c249c1b9,Cm0814 Hades,8133,MLB080229-01,CM,2008-02-29,new smryna beach marine discovery center,Juvenile,UR,,,"floating, hypoglycemic, hypothermic",FALSE,TRUE,FALSE,FALSE,TRUE,FALSE,FALSE,FALSE,FALSE,FALSE,FALSE,,,,Volusia,,,,,,b225dd24-1d37-4252-b989-e342a690968b
af9db8ac-cfbb-44c4-bb62-94440b3019fe,Cm0815 Ares,8146,AKB080311-01,CM,2008-03-11,NSB south side jetty ponce inlet,Juvenile,UR,2008-04-13,released Wilbur Boat House,"lacerations underside throat and tear, possible fish hook, URI, fecal impaction",FALSE,TRUE,FALSE,TRUE,TRUE,FALSE,FALSE,FALSE,FALSE,FALSE,FALSE,,,,Volusia,,,Volusia,,,b225dd24-1d37-4252-b989-e342a690968b
5456cf3e-2fca-44cf-99db-6f5d34d1693c,Cm0816 Hermes,8153,MLB080319-01,CM,2008-03-20,ponte vedra beach,Juvenile,UR,2008-03-30,died,"emaciated, URI",FALSE,TRUE,FALSE,FALSE,TRUE,FALSE,FALSE,FALSE,FALSE,FALSE,FALSE,,,,St. Johns,30.20875,-81.36787,,,,b225dd24-1d37-4252-b989-e342a690968b
568babfa-a5b1-4a72-8655-5464ef6f1883,Cm0817 Aphrodite,8154,CJC08032201,CM,2008-03-22,turtle mound mosquito lagoon,Juvenile,UR,2008-08-12,wilbur by the sea boat house,"injury lff, possible hook, compound fractured radius and ulna",FALSE,FALSE,FALSE,TRUE,FALSE,FALSE,FALSE,FALSE,FALSE,FALSE,FALSE,,,,Volusia,,,Volusia,,,b225dd24-1d37-4252-b989-e342a690968b
fe76aa37-f3e0-4659-9f10-be5ab8aaaffd,Cm0818 Karma,8155,MLB080325-01,CM,2008-03-25,Ponce Inlet North Side,Juvenile,UR,2008-05-28,Wilbur by the sea Boat house,boat hit upper left carapace to plastron,TRUE,FALSE,FALSE,FALSE,FALSE,FALSE,FALSE,FALSE,FALSE,FALSE,FALSE,,,,Volusia,,,Volusia,,,b225dd24-1d37-4252-b989-e342a690968b
19b27ec2-47a3-4e4f-9dee-b3793c4df6a9,Cm0819 Murphy,8159,JXB080327-02,CM,2008-03-27,6 miles north st augustine inlet,Juvenile,UR,,,"severe facial fracture upper right mandible, multiple shark bite marks",TRUE,FALSE,FALSE,FALSE,FALSE,TRUE,FALSE,FALSE,FALSE,FALSE,FALSE,,,,St. Johns,,,,,,b225dd24-1d37-4252-b989-e342a690968b
e5fec462-e2b5-4519-86b4-0f5ce6400089,Cc0820 Aether,8160,MLB080331-01,CC,2008-03-31,16th st ocean hammock resort,Subadult,UR,2008-06-10,released toronita approach wilbur by the sea,"minimal barnacle coverage, floats, limp in water, hard to lift head to breath, no flipper movement ? paralysis",FALSE,FALSE,FALSE,FALSE,FALSE,FALSE,FALSE,FALSE,FALSE,TRUE,FALSE,,,,Flagler,,,Volusia,,,b225dd24-1d37-4252-b989-e342a690968b
0696e148-4109-4c86-a566-073a7aaf6e19,Cm0821,8161,TXH-080401-01,CM,2008-04-01,gate station,Juvenile,UR,2008-04-01,died,"gang green lesions, emaciated, barnacle encrusted",FALSE,FALSE,FALSE,FALSE,FALSE,FALSE,FALSE,TRUE,FALSE,FALSE,FALSE,,,,St. Johns,,,,,,b225dd24-1d37-4252-b989-e342a690968b
92590b84-48fe-4578-8479-95e8f406ffff,Cm0822 Sweet Pea,8180,MLB080408-01,CM,2008-04-08,ormond beach area,Juvenile,UR,2008-04-16,died,"emaciated, moderate barnacles, hypoglycemic",FALSE,FALSE,FALSE,FALSE,TRUE,FALSE,FALSE,FALSE,FALSE,FALSE,FALSE,,,,Volusia,,,,,,b225dd24-1d37-4252-b989-e342a690968b
db3c2f7d-52b2-41c1-b156-d3e9f3f371af,Cm0824 Britney,8182,TXD080409-01,CM,2008-04-09,surfside park,Juvenile,UR,2008-05-01,died,"URI, heavry barnacle coverage and hair algae",FALSE,FALSE,FALSE,FALSE,TRUE,FALSE,FALSE,FALSE,FALSE,FALSE,FALSE,,,,St. Johns,29.92402,-81.29347,,,,b225dd24-1d37-4252-b989-e342a690968b
bacd8182-568a-4aad-b809-9450115dd944,Cm0826 Barnie,8184,AXR080409-01,CM,2008-04-09,state hwy a1a and tampa ave melbourne beach,Juvenile,UR,2008-07-09,a1a and tampa ave (stps release),"fishing line entanglement rff, head and 90% amputation of lff",FALSE,FALSE,TRUE,FALSE,FALSE,FALSE,FALSE,FALSE,FALSE,FALSE,FALSE,,,,Brevard,28.30444,34.38333,Brevard,28.30444,34.38333,b225dd24-1d37-4252-b989-e342a690968b
7856f2de-bbec-4704-b2a9-4c0bbe8a3ad8,Cm0823,8181,MLB080409-01,CM,2008-04-09,4300 Block Ponce Inlet,Juvenile,UR,2008-04-09,died,"URI, drowning by kids playing with on boogie board, died in 2 hrs",FALSE,FALSE,FALSE,FALSE,TRUE,FALSE,FALSE,FALSE,FALSE,FALSE,FALSE,,,,Volusia,,,,,,b225dd24-1d37-4252-b989-e342a690968b
4890d4e2-7658-432b-ab09-57dab4b88bf4,Cm0825,8183,NMY080409-01,CM,2008-04-09,port canaveral,Juvenile,UR,2008-04-09,died,"boat hit, multiple areas, intestines damaged, died 4 hours",TRUE,FALSE,FALSE,FALSE,FALSE,FALSE,FALSE,FALSE,FALSE,FALSE,FALSE,,,,Brevard,,,,,,b225dd24-1d37-4252-b989-e342a690968b
1fbe36ab-c535-441d-8ef9-dfe4db536e2f,Cc0828 Owen,8186,MLB080416-01,CC,2008-04-16,"Cardinal Park, Daytona Beach Shores",Subadult,UR,2008-05-25,died,URI - pancreatic disorder found on necropsy,FALSE,FALSE,FALSE,FALSE,TRUE,FALSE,FALSE,FALSE,FALSE,TRUE,FALSE,,,,Volusia,,,,,,b225dd24-1d37-4252-b989-e342a690968b
d332ea75-2e0e-492a-a1d4-867558b1b36e,Cm0830 PAP,8192,NMY080420-01,CM,2008-04-20,banana river,Subadult,,2008-04-21,transferred to CMA,pap turtle,FALSE,FALSE,FALSE,FALSE,FALSE,FALSE,TRUE,FALSE,FALSE,FALSE,FALSE,,,,Brevard,,,,,,b225dd24-1d37-4252-b989-e342a690968b
a7bc47ef-72d0-4f34-b218-a03677bf042e,Ei0827 Nugget,8185,JAS08041101,EI,2008-04-11,"indian harbour beach, bicentennial Park",Juvenile,UR,2008-09-30,FWC for release by boat,"damaged lff, underweight",FALSE,FALSE,FALSE,FALSE,FALSE,FALSE,FALSE,FALSE,FALSE,TRUE,FALSE,,,,Brevard,,,St. Lucie,,,b225dd24-1d37-4252-b989-e342a690968b
119a77db-94e7-43c1-8db7-c6829740b40b,Cm0829 Mary Kate,8188,MXC080417-01,CM,2008-04-17,cape canaveral air force station,Juvenile,UR,2008-04-20,died,"severe emaciation, barnacle incrusted",FALSE,FALSE,FALSE,FALSE,TRUE,FALSE,FALSE,FALSE,FALSE,FALSE,FALSE,,,,Brevard,,,,,,b225dd24-1d37-4252-b989-e342a690968b
0bcde870-627b-49fa-b91e-25a23a9da0f7,Cc0831,8195,MLB080424-01,CC,2008-04-24,NSB coast guard station,Subadult,UR,2008-04-26,died,"severe boat hit, upper right carapace and left side carapace wrapped to plastron",TRUE,FALSE,FALSE,FALSE,FALSE,FALSE,FALSE,FALSE,FALSE,FALSE,FALSE,,,,Volusia,,,,,,b225dd24-1d37-4252-b989-e342a690968b
e679c7a0-7250-4ca9-8134-362f0c1a64a4,Cm0832,8196,MLB080425-01,CM,2008-04-25,1300 BLK A1A  Daytona beach shores,Juvenile,UR,2008-04-25,died,"emaciated, gang green lesions, died in two hours",FALSE,FALSE,FALSE,FALSE,FALSE,FALSE,FALSE,TRUE,FALSE,FALSE,FALSE,,,,Volusia,,,,,,b225dd24-1d37-4252-b989-e342a690968b
a3ba403c-5a9e-4c0f-ac5b-c4c9e18a58cd,Ei0833 Goose,8200,AKB080503-01,EI,2008-05-03,new smryna beach,Juvenile,UR,2008-05-17,70 miles off east coast,gooseneck barnacles,FALSE,FALSE,FALSE,FALSE,FALSE,FALSE,FALSE,FALSE,FALSE,TRUE,FALSE,,,,Volusia,,,Volusia,,,b225dd24-1d37-4252-b989-e342a690968b
8df78f6c-58e8-49fd-8779-3a11957a6ee0,Cm0834 Brett,8209,JAS080524-01,CM,2008-05-24,"sebastian beach, amber sands park",Subadult,UR,2008-09-21,died,"boat hit left rear and center of carapace, appearance of light shark bit on carapace and plastron",TRUE,FALSE,FALSE,FALSE,FALSE,TRUE,FALSE,FALSE,FALSE,FALSE,FALSE,,,,Indian River,,,Volusia,,,b225dd24-1d37-4252-b989-e342a690968b
c71da170-9190-4490-b965-7e2a1f7d7100,Cm0835 Jester,8221,SFE080606-01,CM,2008-06-07,comanchee cove marina,Juvenile,UR,2008-06-08,died,"old boat injury, found floating, died overnight",TRUE,FALSE,FALSE,FALSE,FALSE,FALSE,FALSE,FALSE,FALSE,FALSE,FALSE,,,,St. Johns,30.08083,-81.30855,,,,b225dd24-1d37-4252-b989-e342a690968b
3d8bd400-0113-4edf-ad82-1dfaad4c7053,Cc0836,8237,MLB080611-01,CC,2008-06-11,3/4 mile north of beach st ramp ponce inlet,Subadult,UR,2008-06-12,died,"barnacle bill, died overnight",FALSE,TRUE,FALSE,FALSE,FALSE,FALSE,FALSE,FALSE,FALSE,FALSE,FALSE,,,,Volusia,,,Volusia,,,b225dd24-1d37-4252-b989-e342a690968b
44df879e-dccc-4c11-ab0e-c5577711c0e1,Cc0837 Belle,8233,MLB080620-01,CC,2008-06-20,daytona beach shores,Adult,UR,2008-07-26,died,"barnacle bill, shell impacted, anemic, hypoglycemic",FALSE,TRUE,FALSE,FALSE,TRUE,FALSE,FALSE,FALSE,FALSE,FALSE,FALSE,,,,Volusia,,,,,,b225dd24-1d37-4252-b989-e342a690968b
a111dda8-7361-4bfa-8e5e-79ce5a253be8,Cm0838 Jaques,8246,NMY0807009-01,CM,2008-07-09,"cocoa beach, a1a and 1st street crossover",Juvenile,UR,2008-07-28,died,"fish hook in left shoulder, rff entanglement, constriction wound, necrotic tissue around neck",FALSE,FALSE,TRUE,TRUE,FALSE,FALSE,FALSE,FALSE,FALSE,FALSE,FALSE,,,,Brevard,,,,,,b225dd24-1d37-4252-b989-e342a690968b
1d084b7c-dfdd-4b23-99f8-b2ebfc205e04,Cm0839 Gus Gus,8249,TLL0807-01,CM,2008-07-11,,Juvenile,UR,2008-08-25,released,monofilament amputation of the lff down to the humerus,FALSE,FALSE,TRUE,FALSE,FALSE,FALSE,FALSE,FALSE,FALSE,FALSE,FALSE,,,,St. Johns,,,Flagler,,,b225dd24-1d37-4252-b989-e342a690968b
e52d891b-392f-4ab7-af80-8a7eb177268c,Cm0840 Bruno,8254,MCP080720-01,CM,2008-07-20,Jetty Park,Juvenile,UR,2008-08-22,Brevard,hook in mouth under upper bony palate,FALSE,FALSE,FALSE,TRUE,FALSE,FALSE,FALSE,FALSE,FALSE,FALSE,FALSE,,,,Brevard,28.24416,-80.35424,Brevard,,,b225dd24-1d37-4252-b989-e342a690968b
73cc4792-0ef6-4ddc-a351-6f8e857e6eb8,Cm0841 Sunny,8260,MMC080729-01,CM,2008-07-29,Cape Canaveral Air Force Staion,Juvenile,UR,2008-11-11,"Merritt Island Wildlife refuge, 2 miles s haulover canal, biolab boat ramp","gang green lesion, emaciated",FALSE,FALSE,FALSE,FALSE,FALSE,FALSE,FALSE,TRUE,FALSE,FALSE,FALSE,,,,Brevard,28.54738,-80.56496,Brevard,28.81028,-80.76667,b225dd24-1d37-4252-b989-e342a690968b
88d7578a-6bdc-44bb-8cb4-be20edf39e86,Cm0842 Ann,8272,AXZ080819-01,CM,2008-08-19,Satellite Beach,Juvenile,UR,2008-08-19,died,"gang green lesion turtle, died in 30 min, sent to u of f",FALSE,FALSE,FALSE,FALSE,FALSE,FALSE,FALSE,TRUE,FALSE,FALSE,FALSE,,,,Brevard,,,,,,b225dd24-1d37-4252-b989-e342a690968b
9124dd07-4ab5-46e1-851b-bb645d679998,Cm0843 Cinder,8275,TLL080819-01,CM,2008-08-19,,Juvenile,UR,2008-11-14,wilbur boat house ponce inlet,lacerated rff mid shaft,FALSE,FALSE,TRUE,FALSE,FALSE,FALSE,FALSE,FALSE,FALSE,FALSE,FALSE,,,,St. Johns,,,Volusia,,,b225dd24-1d37-4252-b989-e342a690968b
7a67183b-b16a-45ae-9ce2-3eb4e10844cf,Cm0844,8285,CXD080909-01,CM,2008-09-09,Cape Canaveral,Juvenile,UR,2008-09-11,died,"ingested fishing line, hook in esophagus, line out of cloaca",FALSE,FALSE,FALSE,TRUE,FALSE,FALSE,FALSE,FALSE,FALSE,FALSE,FALSE,,,,Brevard,,,,,,b225dd24-1d37-4252-b989-e342a690968b
018450f6-3ba6-4edd-82d9-c97cb372dfc9,Cm0845 Bailey,8294,TMD080929-01,CM,2008-09-29,conch house marina,Juvenile,UR,,,prop wound rear left side of carapace,TRUE,FALSE,FALSE,FALSE,FALSE,FALSE,FALSE,FALSE,FALSE,FALSE,FALSE,,,,St. Johns,29.89329,-81.29519,,,,b225dd24-1d37-4252-b989-e342a690968b
b338afd9-0a81-4b10-8cf2-316350eece04,Cm0846 Peyton,8299,TLL081004-01,CM,2008-10-04,marineland,Juvenile,UR,,,"severe boat strikes upper and mid carapace, 2/3rd plastron missing",TRUE,FALSE,FALSE,FALSE,FALSE,FALSE,FALSE,FALSE,FALSE,FALSE,FALSE,,,,Flagler,,,,,,b225dd24-1d37-4252-b989-e342a690968b
8b0fd126-daa6-47c2-8bf3-0b440bfe94eb,Cm0847 Harvey,8307,TMD081010-01,CM,2008-10-10,conch house,Juvenile,UR,,,"old prop hit found floating, possible impaction",TRUE,TRUE,FALSE,FALSE,FALSE,FALSE,FALSE,FALSE,FALSE,FALSE,FALSE,,,,St. Johns,,,,,,b225dd24-1d37-4252-b989-e342a690968b
16422836-205d-46d7-b525-e42649240469,Ei0848 Pumpkin,8312,Ei081024-01,EI,2008-10-24,washington oaks,Juvenile,UR,2008-11-05,fwc for release to juno beach,"possible intestinal blockage, rear flippers half mobility",FALSE,TRUE,FALSE,FALSE,FALSE,FALSE,FALSE,FALSE,FALSE,TRUE,FALSE,,,,Flagler,,,St. Lucie,,,b225dd24-1d37-4252-b989-e342a690968b
250ad08d-e119-4cd9-a853-102f9be45f5e,Cc0849 Jack,8313,DMJ081023-01,CC,2008-10-24,dondanville rd beach access,Subadult,UR,2008-10-30,died,"uri, severe and intestinal hemorrhaging",FALSE,FALSE,FALSE,FALSE,TRUE,FALSE,FALSE,FALSE,FALSE,FALSE,FALSE,,,,St. Johns,,,,,,b225dd24-1d37-4252-b989-e342a690968b
ccca1b82-f109-4f6f-a5d6-3bd0433d50f9,Cm0850 Grant,8343,RDP081111-01,CM,2008-11-11,Indiatlantic,Juvenile,UR,,,URI and fecal impaction/gas,FALSE,TRUE,FALSE,FALSE,TRUE,FALSE,FALSE,FALSE,FALSE,FALSE,FALSE,,,,Brevard,,,,,,b225dd24-1d37-4252-b989-e342a690968b
102f4c83-93f9-4788-9f1b-1d8e9538038f,Cc0851 Patti,7257,MLB071201-03,CC,2008-11-13,Ormond by the Sea,Adult,UR,,,"URI, transfer back from Clearwater Marine Aquarium",FALSE,TRUE,FALSE,FALSE,FALSE,FALSE,FALSE,FALSE,FALSE,FALSE,FALSE,,,,Volusia,,,,,,b225dd24-1d37-4252-b989-e342a690968b
23132914-9c92-4dd1-bbf3-30d7092b7f9d,Cm0852 Tucker,8344,DBH081113-01,CM,2008-11-13,Indiatlantic,Juvenile,UR,,,URI and fecal impaction/gas; formerly Cm0876; recent rff amputation from monofilament,FALSE,TRUE,FALSE,FALSE,TRUE,FALSE,FALSE,FALSE,FALSE,FALSE,FALSE,,,,Brevard,,,,,,b225dd24-1d37-4252-b989-e342a690968b
